"design_key","game_id","rgb_r","rgb_g","rgb_b","macro_region","draw_batch","new_name_zh","new_name_en","internal_key_hint","parent_id","parent_definition_name","parent_history_name","parent_area","parent_tax","parent_production","parent_manpower","retained_name_zh","retained_tax","retained_production","retained_manpower","new_tax","new_production","new_manpower","split_group","group_dev_delta","proposed_owner","claims_or_uncertainty","status","rationale"
"N-01","4969","45","71","190","north_china","B04","沧州","Cangzhou","zhx_cangzhou_hebei","695","Beijing","Hejian","south_hebei_area","3","3","2","河间","2","1","1","1","2","1","p695-a","0","燕","","working","分离冀东南盐场、河海转运与内陆河间。"
"N-02","4970","219","83","67","north_china","B04","邢州","Xingzhou","zhx_xingzhou_hebei","2137","Daming","Daming","south_hebei_area","3","3","2","大名","2","1","1","1","2","1","p2137-a","0","燕","晋有争议；最终所有者待定","ownership_pending","表现太行山东麓走廊和燕晋山前门户。"
"N-03","4973","197","195","38","north_china","B05","登州","Dengzhou","zhx_dengzhou_shandong","2139","Laizhou","Laizhou","shandong_area","3","3","2","莱州","2","1","1","1","2","1","p2139-a","0","齐","","working","分离胶东北端海港、渔盐和对辽东、朝鲜航路。"
"N-04","4974","60","180","226","north_china","B05","聊城","Liaocheng","zhx_liaocheng_shandong","691","Jinan","Jinan","shandong_area","5","5","3","济南","3","3","2","2","2","1","p691-a","0","齐","","working","表现山东西缘水运和河北—中原交通节点。"
"N-05","4975","190","45","107","north_china","B05","曲阜","Qufu","zhx_qufu_shandong","2140","Yanzhou","Yanzhou","shandong_area","3","3","3","兖州","2","2","1","1","1","2","p2140-a","0","鲁","需迁移孔庙及宗教中心修正","working","把礼邑和孔庙所在地从普通兖州省中独立出来。"
"N-06","4966","73","212","204","north_china","B03","荥阳","Xingyang","zhx_xingyang_henan","688","Kaifeng","Kaifeng","wangji_area","8","8","4","开封","4","4","1","1","1","1","p688-fourway","0","大周王畿","王畿西门","geometry_drawn_assets_ready","以虎牢—汜水方向表现开封王畿的西部门户。"
"N-07","4967","197","38","160","north_china","B14","陕州","Shanzhou","zhx_shanzhou_henan","1836","Nanyang","Luoyang","chengzhou_area","5","5","3","洛阳","7","7","4","3","3","2","p1836-chengzhou","30","大周王畿","秦保留历史宣称","geometry_drawn_assets_ready","成周区域西门，控制崤函、三门峡与秦周边境。"
"N-08","4971","30","204","100","north_china","B04","汾州","Fenzhou","zhx_fenzhou_shanxi","693","Sanguan","Taiyuan","shanxi_area","6","6","3","太原","4","4","2","2","2","1","p693-a","0","晋","","working","分出汾河中游农业和商路腹地。"
"N-09","4972","170","73","212","north_china","B04","蒲州","Puzhou","zhx_puzhou_shanxi","694","Changzhi","Pingyang","shanxi_area","3","2","2","平阳","2","1","1","1","1","1","p694-a","0","晋","","working","表现运城盆地、河东盐池和黄河渡口。"
"N-10","4962","226","60","97","north_china","B02","同州","Tongzhou","zhx_tongzhou_shaanxi","700","Shaanxi","Xi'an","shaanxi_area","7","7","3","西安","5","4","2","2","3","1","p700-a","0","秦","","working","分离关中东部粮仓、渭洛河间和潼关后方。"
"N-11","4963","45","190","54","north_china","B02","金州","Jinzhou (Ankang)","zhx_jinzhou_ankang","689","Fengyuan","Hanzhong","shaanxi_area","4","4","3","汉中","3","2","2","1","2","1","p689-a","0","秦","","working","分离汉中盆地和安康—汉水峡谷。"
"N-12","4964","121","67","219","north_china","B02","敦煌","Dunhuang","zhx_dunhuang_hexi","707","Yumen","Yumen","west_gansu_area","2","2","1","玉门","1","1","1","1","1","1","p707-a","1","斡罗斯","推荐斡罗斯控制、秦保留核心；尚未升格为正典","ownership_pending","沙州绿洲、西域入口和斡罗斯危机前线节点。"
"N-13","4965","204","144","30","north_china","B02","河州","Hezhou","zhx_hezhou_gansu","699","Lanzhou","Lanzhou","gansu_area","6","6","3","兰州","4","4","2","2","2","1","p699-a","0","秦","绘图时核对洮州和西宁邻接","boundary_pending","分离兰州都会与陇藏贸易、多族群山地边疆。"
"N-14","4968","138","226","60","north_china","B03","宿州","Suzhou (Anhui)","zhx_suzhou_anhui","2141","Xuzhou","Xuzhou","jiangsu_area","6","6","3","徐州","4","4","2","2","2","1","p2141-a","0","商宋","淮扬盟可有争议核心","working","表现淮北农业和汴泗交通，增加商宋南部腹地。"
"N-15","5030","238","145","35","north_china","B03","郑州","Zhengzhou","zhx_zhengzhou_wangji","688","Kaifeng","Kaifeng","wangji_area","8","8","4","开封","4","4","1","2","2","1","p688-fourway","0","大周王畿","王畿西南腹地","geometry_drawn_assets_ready","连接嵩洛道路、黄河渡口与开封首都的西南城邑。"
"N-16","5031","115","205","175","north_china","B03","陈留","Chenliu","zhx_chenliu_wangji","688","Kaifeng","Kaifeng","wangji_area","8","8","4","开封","4","4","1","1","1","1","p688-fourway","0","大周王畿","王畿东门","geometry_drawn_assets_ready","沿汴水向东承接商宋方向，作为开封首都的东部粮运门户。"
"XN-01","4984","73","81","212","xinan","B09","眉州","Meizhou (Sichuan)","zhx_meizhou_sichuan","679","Sichuan Pendi","Chengdu","sichuan_area","9","9","3","成都","7","7","2","2","2","1","p679-a","0","蜀","","working","分出成都—嘉州岷江轴线上的农业和交通腹地。"
"XN-02","4985","197","75","38","xinan","B09","雅州","Yazhou","zhx_yazhou_sichuan","4212","Jiazhou","Jiazhou","sichuan_area","3","2","2","嘉州","2","1","1","1","1","1","p4212-a","0","蜀","","working","表现邛崃山口和茶马通道。"
"XN-03","4986","60","226","148","xinan","B09","叙州","Xuzhou (Sichuan)","zhx_xuzhou_sichuan","4213","Luzhou","Luzhou","chuannan_area","2","2","2","泸州","1","1","1","1","1","1","p4213-a","0","蜀","巴有争议；最终所有者待定","ownership_pending","表现岷江—长江汇合处和川南入滇路线。"
"XN-04","4987","164","45","190","xinan","B09","万州","Wanzhou","zhx_wanzhou_sichuan","680","Shenquing","Chongqing","chongqing_area","8","8","4","重庆","4","4","1","1","1","1","p680-fiveway","1","巴","","geometry_drawn_assets_ready","夔州府西部的峡江中段和川东物产转运节点。"
"XN-09","5026","225","90","40","xinan","B09","合州","Hezhou (Chongqing)","zhx_hezhou_chongqing","680","Shenquing","Chongqing","chongqing_area","8","8","4","重庆","4","4","1","1","1","1","p680-fiveway","1","巴","","geometry_drawn_assets_ready","沿嘉陵江上游分出重庆北门，以明代合州建制表现蜀巴陆路和江运门户。"
"XN-10","5027","70","190","155","xinan","B09","涪州","Fuzhou (Chongqing)","zhx_fuzhou_chongqing","680","Shenquing","Chongqing","chongqing_area","8","8","4","重庆","4","4","1","1","1","1","p680-fiveway","1","巴","","geometry_drawn_assets_ready","围绕长江—乌江汇流处分出涪州，承接武隆、彭水方向的山地通道。"
"XN-11","5028","150","70","230","xinan","B09","夔州","Kuizhou","zhx_kuizhou_chongqing","680","Shenquing","Chongqing","chongqing_area","8","8","4","重庆","4","4","1","1","1","1","p680-fiveway","1","巴","","geometry_drawn_assets_ready","以明代夔州府治奉节和瞿塘峡为核心，形成巴国面向荆楚的东部关门。"
"XN-12","5069","126","83","54","xinan","B17","乌撒","Wusa","zhx_wusa_guizhou","674","Guiyang","Guiyang","qianxi_area","3","3","2","贵竹","3","3","2","2","2","3","p674-guizhou-tenway","27","黔中诸部","现代贵州轮廓、明初土司命名","geometry_drawn_assets_ready","乌撒高地与滇黔川交通边界，采用彝族土司旧称。"
"XN-13","5070","196","140","54","xinan","B17","水西","Shuixi","zhx_shuixi_guizhou","674","Guiyang","Guiyang","qianxi_area","3","3","2","贵竹","3","3","2","3","2","3","p674-guizhou-tenway","27","黔中诸部","水西安氏核心区域","geometry_drawn_assets_ready","鸭池河以西的水西土司腹地和黔西驿路。"
"XN-14","5071","62","166","210","xinan","B17","普定","Puding","zhx_puding_guizhou","674","Guiyang","Guiyang","qianxi_area","3","3","2","贵竹","3","3","2","2","2","2","p674-guizhou-tenway","27","黔中诸部","普定卫与安顺通道","geometry_drawn_assets_ready","黔中向西南展开的屯堡、关隘与茶马道路。"
"XN-15","5072","226","116","42","xinan","B17","普安","Pu'an","zhx_puan_guizhou","674","Guiyang","Guiyang","qianxi_area","3","3","2","贵竹","3","3","2","2","2","2","p674-guizhou-tenway","27","黔中诸部","涵盖黔西南诸土司","geometry_drawn_assets_ready","南盘江、北盘江之间的山地通道和牲畜贸易。"
"XN-16","5073","71","132","198","xinan","B17","清平","Qingping","zhx_qingping_guizhou","673","Bozhou","Zhenyuan","qiandong_area","1","1","1","都云","2","2","2","1","1","1","p673-guizhou-tenway","9","黔中诸部","苗疆长官司与湖广边界","geometry_drawn_assets_ready","清水江上游的苗寨、驿路和黔东门户。"
"XN-17","5074","141","82","190","xinan","B17","黎平","Liping","zhx_liping_guizhou","673","Bozhou","Zhenyuan","qiandong_area","1","1","1","都云","2","2","2","1","1","1","p673-guizhou-tenway","9","黔中诸部","黎平府和侗苗山地","geometry_drawn_assets_ready","黔东南清水江—都柳江山地与湖广、广西交通。"
"XN-05","4988","202","219","67","xinan","B09","楚雄","Chuxiong","zhx_chuxiong_yunnan","662","Yunnan","Kunming","yun_gui_area","6","5","3","昆明","4","3","1","1","1","1","p662-threeway","0","大理","与XN-06共同构成三向拆分","working","表现大理—昆明之间的盆地和驿路节点。"
"XN-06","4989","30","134","204","xinan","B09","东川","Dongchuan","zhx_dongchuan_yunnan","662","Yunnan","Kunming","yun_gui_area","6","5","3","昆明","4","3","1","1","1","1","p662-threeway","0","大理","乌蒙势力可有核心；与XN-05共同构成三向拆分","working","表现金沙江—乌蒙高地和铜矿区。"
"XN-07","4990","212","73","115","xinan","B09","永昌","Yongchang","zhx_yongchang_yunnan","661","Dali","Dali","yun_gui_borderland_area","3","3","3","大理","2","2","2","1","1","1","p661-a","0","大理","","working","表现保山—腾越方向边关和对缅贸易走廊。"
"XN-08","4991","39","197","38","xinan","B09","安顺","Anshun","zhx_anshun_guizhou","674","Guiyang","Guiyang","yun_gui_area","3","3","2","贵阳","2","2","1","1","1","1","p674-a","0","黔中诸部","国家标签和最终国界待定","ownership_pending","表现贵州西部门户和黔—滇山地道路。"
"S-01","4976","88","219","67","south_china","B06","松江","Songjiang","zhx_songjiang_jiangsu","1822","Shangai","Suzhou","jinling_wuhui_area","9","9","2","苏州","5","6","2","4","5","2","p1822-b","13","吴","保留长江口加成；开局不另设贸易中心","geometry_drawn_assets_ready","黄浦江—长江口南岸的棉纺、海运和港口腹地。"
"S-02","4977","57","30","204","south_china","B06","泰州","Taizhou (Jiangsu)","zhx_taizhou_jiangsu","685","Huai'an","Yangzhou","huaiyang_tongtai_area","12","12","2","扬州","6","8","3","3","5","2","p685-b","26","淮扬盟","依里下河与长江北岸划界","geometry_drawn_assets_ready","盐运、纺织与江海转运节点。"
"S-03","5066","56","146","94","south_china","B16","芜湖","Wuhu","zhx_wuhu_anhui","2146","Ningguo","Ningguo","wanjiang_area","3","3","3","宁国","3","4","2","4","6","2","p2146-huining","20","通商公邑","预留自由市；吴国保留影响","geometry_drawn_assets_ready","长江南岸铁业商港和二级贸易中心，作为安徽唯一自由市。"
"S-04","4950","38","197","155","south_china","B06","湖州","Huzhou","zhx_huzhou_zhejiang","684","Hangzhou","Hangzhou","zhejiang_area","12","12","3","杭州","7","9","3","4","5","2","p684-fourway","22","吴","吴国太湖南线；越国保留永久宣称","geometry_drawn_assets_ready","表现太湖南岸、苕溪水运、丝业腹地和吴越北部前线。"
"S-05","4951","226","60","221","south_china","B06","台州","Taizhou (Zhejiang)","zhx_taizhou_zhejiang","1824","Wenzhou","Wenzhou","east_zhejiang_area","3","3","2","温州","4","5","2","3","4","2","p1824-threeway","17","越","与宁海共同重组浙东南海岸","geometry_drawn_assets_ready","临海府治、天台山与浙东南港湾。"
"S-06","4979","144","190","45","south_china","B07","九江","Jiujiang","zhx_jiujiang_jiangxi","683","Nanchang","Nanchang","jiangxi_area","6","6","3","南昌","9","10","6","7","8","5","p683-threeway","44","赣","汉地发展度平衡；与瑞州共同拆分","geometry_drawn_assets_ready","鄱阳湖出口和长江港口；赣北一级贸易中心。"
"S-07","4980","67","126","219","south_china","B07","临川","Linchuan","zhx_linchuan_jiangxi","1833","Ji'an","Ji'an","south_jiangxi_area","4","4","2","吉安","7","7","5","6","7","4","p1833-threeway","36","赣","汉地发展度平衡；与袁州共同拆分","geometry_drawn_assets_ready","分出抚河盆地、书院和江西东部腹地。"
"S-08","4981","204","30","47","south_china","B07","汉阳","Hanyang","zhx_hanyang_hubei","682","Hanyang","Wuchang","wuhan_enan_area","8","8","3","武昌","6","7","4","4","3","2","p682-fiveway","42","荆楚","位于汉江南侧、长江北岸的两江夹角","geometry_drawn_assets_ready","汉江入江口西南侧、长江北岸的武汉三镇西部腹地。"
"S-09","4982","73","212","100","south_china","B07","岳州","Yuezhou","zhx_yuezhou_hunan","671","Changsha","Changsha","dongting_area","6","6","4","长沙","8","9","4","7","8","4","p671-fourway","48","湘","荆楚可有核心或永久宣称","geometry_drawn_assets_ready","洞庭湖出口和长江门户；湘国北部一级贸易中心。"
"S-10","4983","115","38","197","south_china","B07","宝庆","Baoqing","zhx_baoqing_hunan","2174","Hengyang","Hengyang","hunan_area","3","3","3","衡州","4","4","5","3","3","4","p2174-fourway","38","湘","汉地发展度平衡；与永州、郴州共同拆分","geometry_drawn_assets_ready","资水上游、湘中西部腹地和山地畜牧区。"
"S-11","4952","226","189","60","south_china","B08","莆田","Putian","zhx_putian_fujian","669","Fuzhou","Fuzhou","fujian_area","8","8","3","福州","5","5","2","3","3","1","p669-a","0","闽","非BMP资产已完成；等待手绘","assets_ready_geometry_pending","表现兴化湾和海商腹地。"
"S-12","4953","45","180","190","south_china","B08","漳州","Zhangzhou","zhx_zhangzhou_fujian","1829","Xiamen","Quanzhou","fujian_area","8","8","3","泉州","4","4","1","3","3","1","p1829-threeway","3","闽","与厦门共享原泉州沿海空间；非BMP资产已完成","assets_ready_geometry_pending","分出九龙江流域和闽南港区。"
"S-13","4942","190","91","45","south_china","B01","佛山","Foshan","zhx_foshan_guangdong","667","Guangzhou","Canton","guangdong_area","12","12","3","广州","8","8","2","4","4","1","p667-a","0","粤","667必须保留城市、港口、南海神庙和贸易修正","anchor_locked","分出珠三角手工业腹地，同时保留广州都会核心。"
"S-14","4943","67","219","159","south_china","B01","东莞","Dongguan","zhx_dongguan_guangdong","2157","Waichow","Waichow","guangdong_area","7","7","3","惠州","2","2","1","3","3","1","p2157-fourway","1","粤","","working","表现珠江口东岸、虎门海防和沿海工商业走廊。"
"S-15","4944","187","30","204","south_china","B01","梅州","Meizhou (Guangdong)","zhx_meizhou_guangdong","2156","Chaochow","Chaochow","guangdong_area","6","6","2","潮州","4","4","1","2","2","1","p2156-a","0","粤","潮州母省推荐归闽；形成闽粤边界","working","分出客家山地中心和粤东北腹地。"
"S-16","4945","186","212","73","south_china","B01","高州","Gaozhou","zhx_gaozhou_guangdong","2159","Leichow","Leichow","west_guangdong_area","3","3","2","雷州","2","2","1","1","1","1","p2159-a","0","粤","","working","从雷州半岛根部划出高雷腹地。"
"S-19","4946","20","200","220","south_china","B01","屯门","Tuen Mun","zhx_tuenmun_guangdong","2157","Waichow","Waichow","guangdong_area","7","7","3","惠州","2","2","1","1","1","1","p2157-fourway","1","粤","以新界—九龙沿岸抽象表示；不修改原版海岸线","working","珠江口东侧的屯门锚地、渔盐聚落与海防节点；不再使用现代香港都会名。"
"S-20","4947","106","60","226","south_china","B01","罗定","Luoding","zhx_luoding_guangdong","665","Shiuhing","Shiuhing","west_guangdong_area","4","4","3","肇庆","3","3","2","1","1","1","p665-a","0","粤","1444年按泷水县表现；罗定州名为玩家识别名","working","分出西江南侧山地县域与泷水盆地，形成粤桂之间的内陆纵深。"
"S-21","4948","190","128","45","south_china","B01","南雄","Nanxiong","zhx_nanxiong_guangdong","2158","Shaozhou","Shaozhou","guangdong_area","4","4","2","韶州","2","3","1","2","1","1","p2158-a","0","粤","以保昌府治和梅关商路表现","working","分离南雄盆地、梅关古道与赣粤转运门户。"
"S-22","4949","67","219","198","south_china","B01","陆丰","Lufeng","zhx_lufeng_guangdong","2157","Waichow","Waichow","guangdong_area","7","7","3","惠州","2","2","1","1","1","1","p2157-fourway","1","粤","1444年以碣石卫为首府；采用闽南文化但不添加闽核心","working","分出海陆丰沿海盐场与碣石海防节点；为四省最低发展度净增一点人力。"
"S-17","4954","219","67","164","south_china","B08","浔州","Xunzhou","zhx_xunzhou_guangxi","2163","Liuzhou","Liuzhou","guangxi_area","3","3","2","柳州","1","1","1","1","1","1","p2163-threeway","1","桂","与太平共享数值母省；几何和资产已完成","geometry_drawn_assets_ready","表现柳州、南宁与梧州之间的黔江—浔江节点和桂国内河交通。"
"S-18","4955","91","204","30","south_china","B08","诸罗","Zhuluo","zhx_zhuluo_taiwan","2155","Middag","Middag","taiwan_area","2","2","3","大肚","1","1","2","1","1","1","p2155-a","0","台湾诸社","盟外国家身份待定；几何和资产已完成","geometry_drawn_assets_ready","分出大肚以南、赤崁以北的台湾西南平原和诸罗诸社，不预设大陆诸侯殖民。"
"S-23","4956","24","170","230","south_china","B06","衢州","Quzhou","zhx_quzhou_zhejiang","2150","Jinhua","Jinhua","jinqu_chuzhou_area","3","3","2","金华","3","4","2","3","3","2","p2150-fourway","24","越","仙霞关要塞；几何已完成","geometry_drawn_assets_ready","浙西衢江盆地、仙霞关道路与闽浙赣交通门户。"
"S-24","4957","230","110","35","south_china","B08","邵武","Shaowu","zhx_shaowu_fujian","2152","Jianning","Jianning","west_fujian_area","2","2","2","建宁","1","1","1","1","1","1","p2152-a","0","闽","等待用户手绘","assets_ready_geometry_pending","分出闽西北富屯溪谷地、纸业和通往江西的山口。"
"S-25","4958","135","45","225","south_china","B08","厦门","Xiamen","zhx_xiamen_fujian","1829","Xiamen","Quanzhou","fujian_area","8","8","3","泉州","4","4","1","2","3","1","p1829-threeway","3","闽","已按用户手绘几何落位；RGB保持不变","geometry_drawn_assets_ready","表现厦门岛、九龙江口海运和闽南商业门户。"
"S-26","4959","55","205","120","south_china","B08","庆远","Qingyuan","zhx_qingyuan_guangxi","1840","Guilin","Guilin","youjiang_area","2","2","2","桂林","1","1","1","1","1","1","p1840-a","0","桂","几何已从桂林西侧划出并与柳州相邻","geometry_drawn_assets_ready","表现宜山—河池方向的山地府治和黔桂边疆通道。"
"S-27","4960","225","65","135","south_china","B08","太平","Taiping","zhx_taiping_guangxi","2163","Liuzhou","Liuzhou","guangxi_area","3","3","2","柳州","1","1","1","1","1","1","p2163-threeway","1","桂","几何已从南宁西南侧划出；梧州转移1人力保持Area守恒","geometry_drawn_assets_ready","表现左江流域、土司边疆和通往安南的西南门户。"
"S-28","4961","160","205","45","south_china","B08","噶玛兰","Kavalan","zhx_kavalan_taiwan","738","Sakam","Sakam","taiwan_area","4","4","2","赤崁","3","3","1","1","1","1","p738-a","0","台湾诸社","几何已从淡水东北侧划出；保持未殖民","geometry_drawn_assets_ready","分出台湾东北兰阳平原和噶玛兰诸社，不预设大陆政权占领。"
"S-29","4992","226","100","45","south_china","B07","瑞州","Ruizhou","zhx_ruizhou_jiangxi","683","Nanchang","Nanchang","jiangxi_area","6","6","3","南昌","9","10","6","5","5","4","p683-threeway","44","赣","汉地发展度平衡；与九江共同拆分","geometry_drawn_assets_ready","南昌西部粮仓和连接湘赣的陆路腹地。"
"S-30","4993","45","220","130","south_china","B07","广信","Guangxin","zhx_guangxin_jiangxi","2151","Poyang","Poyang","jiangxi_area","3","3","2","饶州","7","9","4","5","6","3","p2151-a","26","赣","铜矿为结合世界观的历史发散","geometry_drawn_assets_ready","上饶—德兴矿区与浙赣东部门户。"
"S-31","4994","150","60","210","south_china","B07","袁州","Yuanzhou","zhx_yuanzhou_jiangxi","1833","Ji'an","Ji'an","south_jiangxi_area","4","4","2","吉安","7","7","5","3","4","3","p1833-threeway","36","赣","汉地发展度平衡；与临川共同拆分","geometry_drawn_assets_ready","宜春盆地、农业腹地和湘赣边境通道。"
"S-32","4995","210","190","45","south_china","B07","南安","Nan'an","zhx_nanan_jiangxi","670","Ganzhou","Ganzhou","south_jiangxi_area","4","4","2","赣州","6","7","5","3","3","2","p670-a","16","赣","须与南雄相邻并承接梅关古道","geometry_drawn_assets_ready","赣粤边境铁业、梅关门户和防御要塞。"
"S-33","4996","30","170","210","south_china","B07","澧州","Lizhou","zhx_lizhou_hunan","672","Chenzhou","Wulin","dongting_area","3","3","2","常德","5","6","4","2","4","4","p672-a","17","湘","汉地发展度平衡","geometry_drawn_assets_ready","澧水上游、湘鄂西北通道和洞庭湖西北屏障。"
"S-34","4997","220","90","150","south_china","B07","益阳","Yiyang","zhx_yiyang_hunan","671","Changsha","Changsha","dongting_area","6","6","4","长沙","8","9","4","4","4","4","p671-fourway","48","湘","与岳州、湘潭共同拆分","geometry_drawn_assets_ready","资水尾闾、木排运输和洞庭湖南岸腹地。"
"S-35","4998","80","200","220","south_china","B07","湘潭","Xiangtan","zhx_xiangtan_hunan","671","Changsha","Changsha","hunan_area","6","6","4","长沙","8","9","4","4","5","3","p671-fourway","48","湘","与岳州、益阳共同拆分","geometry_drawn_assets_ready","湘江中游工商业和醴陵窑业的地图抽象。"
"S-36","4999","200","160","50","south_china","B07","靖州","Jingzhou (Hunan)","zhx_jingzhou_hunan","2173","Yuanling","Yuanling","southwest_hunan_area","3","3","2","辰州","3","4","6","3","3","5","p2173-a","16","湘","以苗文化和泛灵信仰抽象苗侗土司边疆","geometry_drawn_assets_ready","湘西南土司腹地和通往贵州、广西的山地门户。"
"S-37","5000","90","50","220","south_china","B07","永州","Yongzhou","zhx_yongzhou_hunan","2174","Hengyang","Hengyang","southwest_hunan_area","3","3","3","衡州","4","4","5","3","3","4","p2174-fourway","38","湘","与宝庆、郴州共同拆分","geometry_drawn_assets_ready","潇水谷地、铁业和湘桂通道。"
"S-38","5001","220","70","70","south_china","B07","郴州","Chenzhou (South Hunan)","zhx_chenzhou_south_hunan","2174","Hengyang","Hengyang","southwest_hunan_area","3","3","3","衡州","4","4","5","4","6","4","p2174-fourway","38","湘","必须接触南雄、南安或赣南方向","geometry_drawn_assets_ready","南岭铜矿、赣粤边境和湘国南部要塞。"
"S-39","5002","245","130","70","south_china","B06","嘉兴","Jiaxing","zhx_jiaxing_zhejiang","684","Hangzhou","Hangzhou","zhejiang_area","12","12","3","杭州","7","9","3","4","5","2","p684-fourway","22","吴","吴国运河南端与越国边境","geometry_drawn_assets_ready","太湖南缘水网、运河、布业和吴越争夺的北部平原。"
"S-40","5003","75","175","235","south_china","B06","严州","Yanzhou","zhx_yanzhou_zhejiang","684","Hangzhou","Hangzhou","zhejiang_area","12","12","3","杭州","7","9","3","3","3","2","p684-fourway","22","越","富春江上游与浙皖山口","geometry_drawn_assets_ready","新安江—富春江上游、纸业和浙皖山地门户。"
"S-41","5004","40","210","180","south_china","B06","昌国","Changguo","zhx_changguo_zhejiang","2149","Mingzhou","Mingzhou","east_zhejiang_area","6","7","3","明州","5","7","3","2","3","1","p2149-a","5","越","世界线中未实施明初撤县迁民","geometry_drawn_assets_ready","舟山群岛、东海外港和越国舰队基地。"
"S-42","5005","210","80","160","south_china","B06","宁海","Ninghai","zhx_ninghai_zhejiang","1824","Wenzhou","Wenzhou","east_zhejiang_area","3","3","2","温州","4","5","2","2","2","1","p1824-threeway","17","越","从台州府北部和三门湾海岸划出","geometry_drawn_assets_ready","宁波—台州之间的三门湾、盐场和山海缓冲地带。"
"S-43","5006","175","210","60","south_china","B06","义乌","Yiwu","zhx_yiwu_zhejiang","2150","Jinhua","Jinhua","jinqu_chuzhou_area","3","3","2","金华","3","4","2","3","3","2","p2150-fourway","24","越","金华盆地东部商旅与宗族腹地","geometry_drawn_assets_ready","浙中丘陵、商旅网络和金华盆地东部城邑。"
"S-44","5007","110","75","225","south_china","B06","处州","Chuzhou","zhx_chuzhou_zhejiang","2150","Jinhua","Jinhua","jinqu_chuzhou_area","3","3","2","金华","3","4","2","2","3","2","p2150-fourway","24","越","以丽水为府治并表现龙泉窑业","geometry_drawn_assets_ready","括苍山地、龙泉窑和通往闽北的山间门户。"
"S-45","5008","235","115","55","south_china","B10","郧","Yun","zhx_yun_hubei","2171","Xiangyang","Xiangyang","hanjiang_xiangyun_area","4","4","3","襄阳","6","6","5","2","3","3","p2171-threeway","22","荆楚","沿汉江上游与武当山划界","geometry_drawn_assets_ready","秦巴—武当山地、汉江上游和鄂陕门户。"
"S-46","5009","55","185","95","south_china","B10","随州","Suizhou","zhx_suizhou_hubei","2171","Xiangyang","Xiangyang","dean_qihuang_area","4","4","3","襄阳","6","6","5","3","2","3","p2171-threeway","22","荆楚","以随枣走廊和大洪山北麓为骨架","geometry_drawn_assets_ready","古随州腹地、随枣走廊与鄂北南北交通门户。"
"S-47","5010","185","70","225","south_china","B10","安陆","Anlu","zhx_anlu_hubei","2172","Jingzhou","Jingzhou","hanjiang_xiangyun_area","3","3","2","荆州","5","5","4","3","3","2","p2172-threeway","23","荆楚","安陆府与荆门州折衷合并","geometry_drawn_assets_ready","安陆—汉水中游的宗教、文教与粮运中心。"
"S-48","5011","235","190","55","south_china","B10","汉口","Hankou","zhx_hankou_free_city","682","Hanyang","Wuchang","wuhan_enan_area","8","8","3","武昌","6","7","4","6","10","3","p682-fiveway","42","汉口通商公邑","周盟保护；楚开局不设核心","geometry_drawn_assets_ready","严格沿汉江北岸与长江西／北岸展开的入江口自由市与二级贸易中心。"
"S-49","5012","45","150","220","south_china","B10","黄州","Huangzhou","zhx_huangzhou_hubei","4197","Qizhou","Qizhou","dean_qihuang_area","2","2","1","蕲州","3","3","2","4","4","2","p4197-two-way","13","荆楚","沿巴水和大别山南麓拆分","geometry_drawn_assets_ready","鄂东茶业、商贸与赣皖水陆门户。"
"S-50","5013","205","75","105","south_china","B10","施州","Shizhou","zhx_shizhou_hubei","681","Yichuan","Yichang","jingyi_shinan_area","3","3","2","夷陵","4","4","3","2","2","2","p681-two-way","9","荆楚","山地土司保持高自治","geometry_drawn_assets_ready","清江流域、武陵山地和楚巴土司边疆。"
"S-51","5014","95","210","175","south_china","B10","公安","Gongan","zhx_gongan_hubei","2172","Jingzhou","Jingzhou","jingyi_shinan_area","3","3","2","荆州","5","5","4","2","4","3","p2172-threeway","23","荆楚","严格位于荆州对岸","geometry_drawn_assets_ready","长江南岸、洞庭湖北缘和江汉粮运接口。"
"S-52","5015","140","95","230","south_china","B10","沔阳","Mianyang","zhx_mianyang_hubei","682","Hanyang","Wuchang","jingyi_shinan_area","8","8","3","武昌","6","7","4","2","2","2","p682-fiveway","42","荆楚","沿汉水下游与江汉平原水网划界","geometry_drawn_assets_ready","江汉平原腹地与汉水下游水陆通道，行政归入荆宜施南区域。"
"S-53","5016","210","145","65","south_china","B10","兴国","Xingguo","zhx_xingguo_hubei","682","Hanyang","Wuchang","wuhan_enan_area","8","8","3","武昌","6","7","4","3","4","3","p682-fiveway","42","荆楚","以大冶—阳新矿区为主体","geometry_drawn_assets_ready","铜矿、湖群和鄂赣边界山地。"
"S-54","5017","235","85","145","south_china","B11","邳州","Pizhou","zhx_pizhou_jiangsu","2141","Xuzhou","Xuzhou","xuhuai_haizhou_area","5","5","2","徐州","5","5","2","2","3","2","p2141-northjiangsu","7","徐淮","并回徐州，不再作为独立省份","retired_merged","降低苏北省份密度；邳州作为徐州内部历史节点保留。"
"S-55","5018","60","200","165","south_china","B11","宿迁","Suqian","zhx_suqian_jiangsu","2142","Huai'an","Huai'an","xuhuai_haizhou_area","4","5","2","淮安","4","5","2","3","2","2","p2142-northjiangsu","14","徐淮","以骆马湖、黄运河故道为骨架","geometry_drawn_assets_ready","运河宿站、湖泊与农牧交错腹地。"
"S-56","5019","155","105","230","south_china","B11","清河","Qinghe","zhx_qinghe_jiangsu","2142","Huai'an","Huai'an","xuhuai_haizhou_area","4","5","2","淮安","4","5","2","2","3","2","p2142-northjiangsu","14","淮扬","并回淮安，不再作为独立省份","retired_merged","降低苏北省份密度；清河作为淮安内部漕运节点保留。"
"S-57","5020","225","155","55","south_china","B11","盐城","Yancheng","zhx_yancheng_jiangsu","4196","Haizhou","Haizhou","xuhuai_haizhou_area","2","3","2","海州","2","3","2","2","4","2","p4196-northjiangsu","8","淮扬","依海岸盐场与串场河划界","geometry_drawn_assets_ready","黄海盐场、滩涂与串场河运输带。"
"S-58","5021","70","180","230","south_china","B11","高邮","Gaoyou","zhx_gaoyou_jiangsu","685","Huai'an","Yangzhou","huaiyang_tongtai_area","12","12","2","扬州","6","8","3","3","3","2","p685-b","26","淮扬盟","以高邮湖和运河中轴划界","geometry_drawn_assets_ready","湖荡农业和京杭运河节点。"
"S-59","5022","215","80","95","south_china","B11","通州","Tongzhou","zhx_tongzhou_jiangsu","685","Huai'an","Yangzhou","huaiyang_tongtai_area","12","12","2","扬州","6","8","3","3","4","2","p685-b","26","淮扬盟","沿长江北汊与海门沙洲划界","geometry_drawn_assets_ready","江海门户与棉布生产地。"
"S-60","5023","105","205","80","south_china","B11","如皋","Rugao","zhx_rugao_jiangsu","685","Huai'an","Yangzhou","huaiyang_tongtai_area","12","12","2","扬州","6","8","3","3","3","2","p685-b","26","淮扬盟","依通扬运河和沿江圩田划界","geometry_drawn_assets_ready","长江北岸的粮棉腹地。"
"S-61","5024","200","120","45","south_china","B11","常州","Changzhou","zhx_changzhou_jiangsu","2145","Zhenjiang","Zhenjiang","jinling_wuhui_area","4","4","2","镇江","4","4","2","4","5","2","p2145-southjiangsu","11","吴","沿运河与茅山—太湖西缘划界","geometry_drawn_assets_ready","运河工商业、粮桑和太湖西岸节点。"
"S-62","5025","55","145","215","south_china","B11","无锡","Wuxi","zhx_wuxi_jiangsu","1822","Shangai","Suzhou","jinling_wuhui_area","9","9","2","苏州","5","6","2","3","4","2","p1822-b","13","吴","以太湖水网与望虞河方向划界","geometry_drawn_assets_ready","太湖粮桑、运河市镇与手工业中心。"
"S-63","5029","115","75","50","south_china","B08","台湾山脉","Taiwan Mountains","zhx_taiwan_mountains","2155","Middag","Middag","taiwan_area","0","0","0","台湾山脉","0","0","0","0","0","0","p-taiwan-mountains","0","不可通行地形","中央山脉荒地，不属于任何国家","geometry_drawn_assets_ready","以中央山脉形成不可通行屏障，五个台湾省沿海岸环绕。"
"N-17","5045","41","159","207","north_china","B14","孟津","Mengjin","zhx_mengjin_henan","1836","Nanyang","Luoyang","chengzhou_area","5","5","3","洛阳","7","7","4","3","4","2","p1836-chengzhou","30","大周王畿","黄河渡口","geometry_drawn_assets_ready","成周北门、河阳粮运与黄河渡口。"
"N-18","5046","173","73","194","north_china","B14","偃师","Yanshi","zhx_yanshi_henan","1836","Nanyang","Luoyang","chengzhou_area","5","5","3","洛阳","7","7","4","3","3","2","p1836-chengzhou","30","大周王畿","成周故城与礼器工坊","geometry_drawn_assets_ready","沿伊洛河谷分出成周故城、王室工坊与东京驿路。"
"N-19","5047","23","186","116","north_china","B14","卫辉","Weihui","zhx_weihui_henan","692","Handan","Huaiqing","hebei_zhangwei_area","3","3","2","怀庆","4","4","2","4","4","2","p692-hebei","32","魏公国","周赵均有边境影响","geometry_drawn_assets_ready","太行山东麓与黄河北岸的卫辉平原。"
"N-20","5048","209","92","66","north_china","B14","彰德","Zhangde","zhx_zhangde_henan","692","Handan","Huaiqing","hebei_zhangwei_area","3","3","2","怀庆","4","4","2","5","5","2","p692-hebei","32","赵公国","魏赵争议边界","geometry_drawn_assets_ready","漳洹河谷、冶铁与北部军事门户。"
"N-21","5049","117","176","219","north_china","B14","滑州","Huazhou","zhx_huazhou_henan","692","Handan","Huaiqing","hebei_zhangwei_area","3","3","2","怀庆","4","4","2","3","4","1","p692-hebei","32","魏公国","黄河故道与周国接壤","geometry_drawn_assets_ready","黄河北岸牧地、渡口与东京北面的缓冲地。"
"N-22","5050","222","166","47","north_china","B14","睢州","Suizhou","zhx_suizhou_henan","2176","Shangqiu","Guide","guide_xuchen_area","3","3","2","归德","5","6","2","3","3","1","p2176-shangsong","34","商宋","齐鲁与淮北通道","geometry_drawn_assets_ready","商宋东部门户、睢水沿岸牲畜与粮运。"
"N-23","5051","126","69","213","north_china","B14","陈州","Chenzhou (Henan)","zhx_chenzhou_henan","2176","Shangqiu","Guide","guide_xuchen_area","3","3","2","归德","5","6","2","4","4","2","p2176-shangsong","34","商宋","蔡国保留宣称","geometry_drawn_assets_ready","陈蔡平原、淮河以北粮仓与南北驿路。"
"N-24","5052","63","194","179","north_china","B14","许州","Xuzhou (Henan)","zhx_xuzhou_henan","2176","Shangqiu","Guide","guide_xuchen_area","3","3","2","归德","5","6","2","5","5","2","p2176-shangsong","34","商宋","周国与蔡国均有宣称","geometry_drawn_assets_ready","东京南面的布业市镇与中原南北交通节点。"
"N-25","5053","201","120","171","north_china","B14","汝州","Ruzhou","zhx_ruzhou_henan","687","Running","Nanyang","runing_nanyang_area","3","3","2","南阳","6","6","3","3","3","2","p687-rucai","25","蔡国","周国西南边界","geometry_drawn_assets_ready","伏牛山东麓铁矿、山前道路与成周南门。"
"N-26","5054","87","109","203","north_china","B14","汝宁","Runing","zhx_cai_henan","2175","Runing","Xinyang","runing_nanyang_area","3","3","2","信阳","3","4","2","5","5","2","p2175-huai","13","蔡国","淮河北岸","geometry_drawn_assets_ready","蔡州旧地、淮河北岸粮仓与可通行淮河渡口。"
"N-27","5055","149","190","68","north_china","B14","邓州","Dengzhou","zhx_dengzhou_henan","687","Running","Nanyang","runing_nanyang_area","3","3","2","南阳","6","6","3","4","4","2","p687-rucai","25","申公国","荆楚北缘","geometry_drawn_assets_ready","南阳盆地西南部牲畜、驿路与襄邓通道。"
"S-64","5056","130","104","198","south_china","B15","六合","Liuhe","zhx_liuhe_yingtian","1821","Nanjing","Jiangning","yingtian_area","7","8","4","江宁","7","8","4","2","2","1","p1821-yingtian","10","徐侯国","新增省份为六合，不承载南京奇观","geometry_drawn_assets_ready","长江北岸六合，保留新增省份的低发展度；南京城市属性、首都与奇观均留在1821江宁。"
"S-65","5057","146","158","175","south_china","B15","溧水","Lishui (Jiangsu)","zhx_lishui_yingtian","1821","Nanjing","Jiangning","yingtian_area","7","8","4","江宁","7","8","4","2","2","1","p1821-yingtian","10","吴","与江宁、六合共组应天区域","geometry_drawn_assets_ready","江宁南部丘陵、秦淮河源区与茶粮产地。"
"S-66","5058","68","138","214","south_china","B16","亳州","Bozhou (Anhui)","zhx_bozhou_anhui","2144","Fuyang","Yingzhou","huaiying_area","2","2","1","颍州","4","4","2","3","3","2","p2144-huaiying","24","商宋","蔡国保留影响","geometry_drawn_assets_ready","淮北平原西北门户，以牲畜表现药材、集市与旱作经济。"
"S-67","5059","45","105","185","south_china","B16","寿州","Shouzhou","zhx_shouzhou_anhui","2144","Fuyang","Yingzhou","huaiying_area","2","2","1","颍州","4","4","2","4","4","3","p2144-huaiying","24","蔡国","淮河南岸要塞与一级商埠","geometry_drawn_assets_ready","寿春古城控制淮河中游渡口，是淮颍区域的军事与贸易核心。"
"S-68","5060","226","127","54","south_china","B16","六安","Lu'an","zhx_luan_anhui","1838","Hefei","Luzhou","jianghuai_area","4","4","3","庐州","4","5","2","3","3","3","p1838-jianghuai","26","舒侯国","大别山东麓","geometry_drawn_assets_ready","江淮西门与茶山军镇，连接寿春、庐州和大别山。"
"S-69","5061","232","181","97","south_china","B16","巢湖","Chaohu","zhx_chaohu_anhui","1838","Hefei","Luzhou","jianghuai_area","4","4","3","庐州","4","5","2","3","4","2","p1838-jianghuai","26","舒侯国","巢湖水面以省份经济抽象表现","geometry_drawn_assets_ready","庐州以东、无为以北的湖运和渔业节点，并接触长江航道。"
"S-70","5062","244","187","122","south_china","B16","无为","Wuwei","zhx_wuwei_anhui","1838","Hefei","Luzhou","wanjiang_area","4","4","3","庐州","4","5","2","3","3","2","p1838-jianghuai","26","舒侯国","吴国争夺","geometry_drawn_assets_ready","巢湖与长江之间的圩田粮仓，作为皖江北岸腹地。"
"S-71","5063","230","142","76","south_china","B16","滁州","Chuzhou (Anhui)","zhx_chuzhou_anhui","2143","Haozhou","Haozhou","jianghuai_area","2","1","1","濠州","3","3","2","3","3","2","p2143-eastjianghuai","20","徐侯国","江宁与濠州之间的争夺地","geometry_drawn_assets_ready","江淮东缘丘陵和江宁西北屏障。"
"S-72","5064","239","169","99","south_china","B16","和州","Hezhou (Anhui)","zhx_hezhou_anhui","2143","Haozhou","Haozhou","jianghuai_area","2","1","1","濠州","3","3","2","3","3","2","p2143-eastjianghuai","20","舒侯国","吴国与徐国均有影响","geometry_drawn_assets_ready","淮河以南、长江以北的江淮交通节点。"
"S-73","5065","103","188","132","south_china","B16","池州","Chizhou","zhx_chizhou_anhui","686","Anqing","Anqing","wanjiang_area","6","6","2","安庆","5","5","3","3","4","2","p686-wanjiang","8","吴","楚国保留争夺","geometry_drawn_assets_ready","长江南岸矿业、山货与九华山交通中心。"
"S-74","5067","190","91","163","south_china","B16","太平","Taiping (Anhui)","zhx_taiping_anhui","2147","Huizhou","Huizhou","huining_area","5","4","3","徽州","4","5","2","3","3","2","p2147-huining","7","吴","皖江与徽州之间的山口","geometry_drawn_assets_ready","黄山北麓茶区，连接池州、宁国与徽州。"
"S-75","5068","128","199","148","south_china","B16","广德","Guangde","zhx_guangde_anhui","2146","Ningguo","Ningguo","huining_area","3","3","3","宁国","3","4","2","3","3","2","p2146-huining","20","吴","越国保留东部影响","geometry_drawn_assets_ready","天目山西缘竹木产地和吴越边境通道。"
"B45-01","5312","233","147","191","south_china","B45","永顺","Yongshun","gdd_b45_yongshun","2173","Yuanling","Yuanling","wuling_hunan_area","3","4","6","辰州","1","1","1","1","1","1","b45-p2173","0","WLM","用户授权国家与文化平衡裁决","implemented","湖南—江西统一适度细化；几何采用审定效果图并保持母省发展度守恒。"
"B45-02","5313","50","42","134","south_china","B45","保靖","Baojing","gdd_b45_baojing","2173","Yuanling","Yuanling","wuling_hunan_area","3","4","6","辰州","1","1","1","0","1","2","b45-p2173","0","WLM","用户授权国家与文化平衡裁决","implemented","湖南—江西统一适度细化；几何采用审定效果图并保持母省发展度守恒。"
"B45-03","5314","123","193","77","south_china","B45","沅州","Yuanzhou Hunan","gdd_b45_yuanzhou_hunan","2173","Yuanling","Yuanling","wuling_hunan_area","3","4","6","辰州","1","1","1","1","1","2","b45-p2173","0","CZM","用户授权国家与文化平衡裁决","implemented","湖南—江西统一适度细化；几何采用审定效果图并保持母省发展度守恒。"
"B45-04","5315","196","88","20","south_china","B45","绥宁","Suining Hunan","gdd_b45_suining_hunan","4999","Jingzhou (Hunan)","Jingzhou","southwest_hunan_area","3","3","5","靖州","2","2","3","1","1","2","b45-p4999","0","CZM","用户授权国家与文化平衡裁决","implemented","湖南—江西统一适度细化；几何采用审定效果图并保持母省发展度守恒。"
"B45-05","5316","13","239","219","south_china","B45","慈利","Cili","gdd_b45_cili","4996","Lizhou","Lizhou","lishui_area","2","4","4","澧州","1","2","1","1","1","1","b45-p4996","0","WLM","用户授权国家与文化平衡裁决","implemented","湖南—江西统一适度细化；几何采用审定效果图并保持母省发展度守恒。"
"B45-06","5317","86","134","162","south_china","B45","桑植","Sangzhi","gdd_b45_sangzhi","4996","Lizhou","Lizhou","lishui_area","2","4","4","澧州","1","2","1","0","1","2","b45-p4996","0","WLM","用户授权国家与文化平衡裁决","implemented","湖南—江西统一适度细化；几何采用审定效果图并保持母省发展度守恒。"
"B45-07","5318","159","29","105","south_china","B45","耒阳","Leiyang","gdd_b45_leiyang","2174","Hengyang","Hengyang","hengchen_area","4","4","5","衡州","2","2","2","1","1","2","b45-p2174","0","HNG","用户授权国家与文化平衡裁决","implemented","湖南—江西统一适度细化；几何采用审定效果图并保持母省发展度守恒。"
"B45-08","5319","232","180","48","south_china","B45","茶陵","Chaling","gdd_b45_chaling","2174","Hengyang","Hengyang","hengchen_area","4","4","5","衡州","2","2","2","1","1","1","b45-p2174","0","HNG","用户授权国家与文化平衡裁决","implemented","湖南—江西统一适度细化；几何采用审定效果图并保持母省发展度守恒。"
"B45-09","5320","49","75","247","south_china","B45","平江","Pingjiang","gdd_b45_pingjiang","671","Changsha","Changsha","hunan_area","8","9","4","长沙","4","4","2","3","2","1","b45-p671","0","CHC","用户授权国家与文化平衡裁决","implemented","湖南—江西统一适度细化；几何采用审定效果图并保持母省发展度守恒。"
"B45-10","5321","122","226","190","south_china","B45","浏阳","Liuyang","gdd_b45_liuyang","671","Changsha","Changsha","hunan_area","8","9","4","长沙","4","4","2","1","3","1","b45-p671","0","CSA","用户授权国家与文化平衡裁决","implemented","湖南—江西统一适度细化；几何采用审定效果图并保持母省发展度守恒。"
"B45-11","5322","195","121","133","south_china","B45","安化","Anhua","gdd_b45_anhua","4997","Yiyang","Yiyang","dongting_area","4","4","4","益阳","2","2","2","2","2","2","b45-p4997","0","CSA","B54用户明确改归长沙国","implemented","湖南—江西统一适度细化；几何采用审定效果图并保持母省发展度守恒。"
"B45-12","5323","12","16","76","south_china","B45","丰城","Fengcheng","gdd_b45_fengcheng","683","Nanchang","Nanchang","xunyang_area","9","10","6","南昌","4","4","2","3","3","2","b45-p683","0","NCH","用户授权国家与文化平衡裁决","implemented","湖南—江西统一适度细化；几何采用审定效果图并保持母省发展度守恒。"
"B45-13","5324","85","167","19","south_china","B45","奉新","Fengxin","gdd_b45_fengxin","683","Nanchang","Nanchang","xunyang_area","9","10","6","南昌","4","4","2","2","3","2","b45-p683","0","NCH","用户授权国家与文化平衡裁决","implemented","湖南—江西统一适度细化；几何采用审定效果图并保持母省发展度守恒。"
"B45-14","5325","158","62","218","south_china","B45","昌南","Changnan","gdd_b45_changnan","2151","Poyang","Poyang","jiangxi_area","7","9","4","饶州","4","4","2","3","5","2","b45-p2151","0","NCH","用户授权国家与文化平衡裁决","implemented","湖南—江西统一适度细化；几何采用审定效果图并保持母省发展度守恒。"
"B45-15","5326","231","213","161","south_china","B45","德兴","Dexing","gdd_b45_dexing","4993","Guangxin","Guangxin","jiangxi_area","5","6","3","广信","3","3","2","2","3","1","b45-p4993","0","TSF","用户授权国家与文化平衡裁决","implemented","湖南—江西统一适度细化；几何采用审定效果图并保持母省发展度守恒。"
"B45-16","5327","48","108","104","south_china","B45","宁都","Ningdu","gdd_b45_ningdu","670","Ganzhou","Ganzhou","gannan_area","6","7","5","赣州","4","4","2","2","3","3","b45-p670","0","HAK","用户授权国家与文化平衡裁决","implemented","湖南—江西统一适度细化；几何采用审定效果图并保持母省发展度守恒。"
"B45-17","5328","121","3","47","south_china","B45","安福","Anfu","gdd_b45_anfu","4994","Yuanzhou","Yuanzhou","south_jiangxi_area","3","4","3","袁州","2","2","2","1","2","1","b45-p4994","0","LCH","用户授权国家与文化平衡裁决","implemented","湖南—江西统一适度细化；几何采用审定效果图并保持母省发展度守恒。"
"B46-01","5329","184","165","77","south_china","B46","昭化","Zhaohua","gdd_b46_zhaohua","5081","Jianzhou (Sichuan)","Jianzhou (Sichuan)","chuanbei_area","3","3","2","剑州","1","2","1","1","1","2","b46-p5081","0","JUU","用户授权国家与文化归属；县级GeoJSON用于边界语言","implemented","川东北—重庆二次细化；只拆母省、总发展度守恒。"
"B46-02","5330","155","76","224","south_china","B46","蓬州","Pengzhou","gdd_b46_pengzhou","2169","Langzhong","Langzhong","baqu_area","4","4","2","阆中","3","2","2","1","2","1","b46-p2169","1","BAA","用户授权国家与文化归属；县级GeoJSON用于边界语言","implemented","川东北—重庆二次细化；只拆母省、总发展度守恒。"
"B46-03","5331","48","184","80","south_china","B46","遂州","Suizhou","gdd_b46_suizhou","5082","Shunqing","Shunqing","chuanbei_area","4","5","2","顺庆","2","2","1","1","2","1","b46-p5082","-2","SHU","用户授权国家与文化归属；县级GeoJSON用于边界语言","implemented","川东北—重庆二次细化；只拆母省、总发展度守恒。"
"B46-04","5332","224","94","101","south_china","B46","巴州","Bazhou","gdd_b46_bazhou","4211","Dazhou","Dazhou","baqu_area","3","3","2","达州","1","1","1","1","1","1","b46-p4211","1","DQU","用户授权国家与文化归属；县级GeoJSON用于边界语言","implemented","川东北—重庆二次细化；只拆母省、总发展度守恒。"
"B46-05","5333","62","104","184","south_china","B46","渠州","Quzhou","gdd_b46_quzhou","4211","Dazhou","Dazhou","baqu_area","3","3","2","达州","1","1","1","1","1","1","b46-p4211","1","DQU","用户授权国家与文化归属；县级GeoJSON用于边界语言","implemented","川东北—重庆二次细化；只拆母省、总发展度守恒。"
"B46-06","5334","164","224","58","south_china","B46","昌州","Changzhou Sichuan","gdd_b46_changzhou_sichuan","5026","Hezhou (Chongqing)","Hezhou (Chongqing)","chongqing_area","4","4","2","合州","2","2","1","1","2","1","b46-p5026","-1","BAA","用户授权国家与文化归属；县级GeoJSON用于边界语言","implemented","川东北—重庆二次细化；只拆母省、总发展度守恒。"
"B46-07","5335","184","77","176","south_china","B46","江津","Jiangjin","gdd_b46_jiangjin","680","Chongqing","Chongqing","chongqing_area","8","9","3","重庆","4","5","2","2","3","1","b46-p680","-3","BAA","用户授权国家与文化归属；县级GeoJSON用于边界语言","implemented","川东北—重庆二次细化；只拆母省、总发展度守恒。"
"B46-08","5336","76","224","192","south_china","B46","南川","Nanchuan","gdd_b46_nanchuan","5027","Fuzhou (Chongqing)","Fuzhou (Chongqing)","fuling_area","4","4","2","涪州","1","2","1","1","1","1","b46-p5027","0","ZHI","用户授权国家与文化归属；县级GeoJSON用于边界语言","implemented","川东北—重庆二次细化；只拆母省、总发展度守恒。"
"B46-09","5337","184","114","48","south_china","B46","彭水","Pengshui","gdd_b46_pengshui","5027","Fuzhou (Chongqing)","Fuzhou (Chongqing)","fuling_area","4","4","2","涪州","1","2","1","1","1","1","b46-p5027","0","ZHI","用户授权国家与文化归属；县级GeoJSON用于边界语言","implemented","川东北—重庆二次细化；只拆母省、总发展度守恒。"
"B46-10","5338","120","94","224","south_china","B46","忠州","Zhongzhou","gdd_b46_zhongzhou","4987","Wanzhou","Wanzhou","fuling_area","3","4","2","万州","2","2","1","1","2","1","b46-p4987","3","ZHI","用户授权国家与文化归属；县级GeoJSON用于边界语言","implemented","川东北—重庆二次细化；只拆母省、总发展度守恒。"
"B46-11","5339","74","184","62","south_china","B46","开州","Kaizhou","gdd_b46_kaizhou","4987","Wanzhou","Wanzhou","xiajiang_area","3","4","2","万州","2","2","1","1","1","1","b46-p4987","3","DQU","用户授权国家与文化归属；县级GeoJSON用于边界语言","implemented","川东北—重庆二次细化；只拆母省、总发展度守恒。"
"B46-12","5340","224","58","123","south_china","B46","石砫","Shizhu","gdd_b46_shizhu","5028","Kuizhou","Kuizhou","fuling_area","3","3","2","夔州","2","2","2","1","1","1","b46-p5028","1","ZHI","用户授权国家与文化归属；县级GeoJSON用于边界语言","implemented","川东北—重庆二次细化；只拆母省、总发展度守恒。"
"B47-01","5341","210","87","145","south_china","B47","房州","Fangzhou (Hubei)","gdd_b47_5341","5008","Yun","Yunyang","hanshang_area","2","3","3","郧","1","2","1","1","1","2","b47-p5008","0","SHE","用户批准跨旧省界均衡；县级GeoJSON只作方位与边界语言","implemented","荆襄—豫南二次细化；外缘锁定、内部重排、发展度守恒。"
"B47-02","5342","77","172","204","south_china","B47","宜城","Yicheng","gdd_b47_5342","2171","Xiangyang","Xiangyang","hanshang_area","6","6","5","襄阳","4","4","3","2","2","2","b47-p2171","0","LUO","用户批准跨旧省界均衡；县级GeoJSON只作方位与边界语言","implemented","荆襄—豫南二次细化；外缘锁定、内部重排、发展度守恒。"
"B47-03","5343","188","151","62","south_china","B47","荆门","Jingmen","gdd_b47_5343","5010","Anlu","Chengtian","yunmeng_jingmen_area","3","3","2","安陆","2","1","1","1","2","1","b47-p5010","0","CHC","用户批准跨旧省界均衡；县级GeoJSON只作方位与边界语言","implemented","荆襄—豫南二次细化；外缘锁定、内部重排、发展度守恒。"
"B47-04","5344","92","189","108","south_china","B47","监利","Jianli","gdd_b47_5344","5015","Mianyang","Mianyang","yunmeng_jingmen_area","2","2","2","沔阳","1","1","1","1","1","1","b47-p5015","0","CHC","用户批准跨旧省界均衡；县级GeoJSON只作方位与边界语言","implemented","荆襄—豫南二次细化；外缘锁定、内部重排、发展度守恒。"
"B47-05","5345","133","83","198","south_china","B47","枝江","Zhijiang","gdd_b47_5345","2172","Jingzhou","Jingzhou","jingyi_area","5","5","4","荆州","3","3","3","2","2","1","b47-p2172","0","CHC","用户批准跨旧省界均衡；县级GeoJSON只作方位与边界语言","implemented","荆襄—豫南二次细化；外缘锁定、内部重排、发展度守恒。"
"B47-06","5346","218","111","67","south_china","B47","归州","Guizhou (Hubei)","gdd_b47_5346","681","Yiling","Yichang","yigui_area","4","4","3","夷陵","3","2","2","1","2","1","b47-p681","0","SHE","用户批准跨旧省界均衡；县级GeoJSON只作方位与边界语言","implemented","荆襄—豫南二次细化；外缘锁定、内部重排、发展度守恒。"
"B47-07","5347","68","123","190","north_china","B47","方城","Fangcheng","gdd_b47_5347","687","Nanyang","Nanyang","wandeng_area","6","6","3","南阳","4","4","2","2","2","1","b47-p687","0","GON","用户批准跨旧省界均衡；县级GeoJSON只作方位与边界语言","implemented","荆襄—豫南二次细化；外缘锁定、内部重排、发展度守恒。"
"B47-08","5348","172","76","102","north_china","B47","内乡","Neixiang","gdd_b47_5348","5055","Dengzhou","Dengzhou","wandeng_area","4","4","2","邓州","2","2","2","1","2","1","b47-p5055","0","GON","用户批准跨旧省界均衡；县级GeoJSON只作方位与边界语言","implemented","荆襄—豫南二次细化；外缘锁定、内部重排、发展度守恒。"
"B47-09","5349","112","169","73","north_china","B47","息州","Xizhou","gdd_b47_5349","5054","Runing","Runing","rucai_area","5","5","2","汝宁","3","3","2","2","1","1","b47-p5054","0","CAI","用户批准跨旧省界均衡；县级GeoJSON只作方位与边界语言","implemented","荆襄—豫南二次细化；外缘锁定、内部重排、发展度守恒。"
"B47-10","5350","201","124","183","south_china","B47","光州","Guangzhou (Henan)","gdd_b47_5350","2175","Xinyang","Runing","dean_qihuang_area","3","4","2","信阳","2","2","1","1","2","1","b47-p2175","0","SUI","用户批准跨旧省界均衡；县级GeoJSON只作方位与边界语言","implemented","荆襄—豫南二次细化；外缘锁定、内部重排、发展度守恒。"
"B55-01","5351","62","177","143","north_china","B55","蔚州","Weizhou","gdd_b55_5351","2136","Xuanhua","Shanggu","hebei_area","","","","","","","","1","1","1","","","ZSH","","implemented","GeoJSON引导；锁定原上谷区域外缘，仅重画内部边界。"
"B55-02","5352","196","101","70","north_china","B55","龙门","Longmen","gdd_b55_5352","2136","Xuanhua","Shanggu","hebei_area","","","","","","","","1","1","1","","","ZSH","","implemented","GeoJSON引导；锁定原上谷区域外缘，仅重画内部边界。"
"B55-03","5353","88","137","207","north_china","B55","兴州","Xingzhou","gdd_b55_5353","703","Chengde","Rehe","hebei_area","","","","","","","","1","1","1","","","YAN","","implemented","GeoJSON引导；锁定原上谷区域外缘，仅重画内部边界。"
"B78-01","5381","45","137","169","north_china","B78","魏邑","Weiyi","gdd_b78_5381","2137","Daming","Daming","south_hebei_area","3","3","2","大名","3","2","2","2","3","2","b78-p2137","13","DMG","","implemented","锁定原大名外缘，只以两条折线重画内部边界；大名、魏邑属邶，元城属管。"
"B78-02","5382","201","137","79","north_china","B78","元城","Yuancheng","gdd_b78_5382","2137","Daming","Daming","south_hebei_area","3","3","2","大名","3","2","2","2","2","3","b78-p2137","0","GUN","","implemented","锁定原大名外缘，只以两条折线重画内部边界；大名、魏邑属邶，元城属管。"
